<?xml version="1.0" encoding="UTF-8"?>
<configuration scan="true" scanPeriod="10 seconds">
    <contextListener class="ch.qos.logback.classic.jul.LevelChangePropagator">
        <resetJUL>true</resetJUL>
    </contextListener>

    <appender name="console" class="ch.qos.logback.core.ConsoleAppender">
        <encoder>
            <pattern>%d{yyyy-MM-dd HH:mm:ss.SSS} %-5level %logger{36} - %msg%n</pattern>
        </encoder>
    </appender>

    <property name="MODULE_NAME" value="core_entity" />
    <appender name="FILE"
              class="ch.qos.logback.core.rolling.RollingFileAppender">
        <file>../var/log/${MODULE_NAME}.log</file>
        <encoder class="ch.qos.logback.classic.encoder.PatternLayoutEncoder">
            <Pattern>%d{yyyy-MM-dd_HH:mm:ss.SSS} [%thread] %-5level %logger{36} - %msg%n</Pattern>
        </encoder>

        <rollingPolicy class="ch.qos.logback.core.rolling.FixedWindowRollingPolicy">
            <FileNamePattern>../var/log/${MODULE_NAME}.%i.log.zip</FileNamePattern>
            <MinIndex>1</MinIndex>
            <MaxIndex>10</MaxIndex>
        </rollingPolicy>

        <triggeringPolicy
                class="ch.qos.logback.core.rolling.SizeBasedTriggeringPolicy">
            <MaxFileSize>2MB</MaxFileSize>
        </triggeringPolicy>

    </appender>

    <logger name="ua.org.gostroy.communityJavaProject.core_entity" level="trace"/>

    <!--<logger name="org.springframework" level="trace" />-->
    <!--<logger name="org.springframework.core" level="info" />-->
    <!--<logger name="org.springframework.beans" level="info" />-->
    <!--<logger name="org.springframework.context" level="info" />-->

    <!--<logger name="org.hibernate" level="info" />-->
    <!--<logger name="" level="warn" />-->


    <!--<root level="debug" debug="false">-->
    <root level="warn" debug="false">
        <appender-ref ref="FILE"/>
        <appender-ref ref="console"/>
    </root>
</configuration>