<assembly xmlns="http://maven.apache.org/plugins/maven-assembly-plugin/assembly/1.1.2"
          xmlns:xsi="http://www.w3.org/2001/XMLSchema-instance"
          xsi:schemaLocation="http://maven.apache.org/plugins/maven-assembly-plugin/assembly/1.1.2 http://maven.apache.org/xsd/assembly-1.1.2.xsd">
    <id>src</id>
    <formats>
        <format>zip</format>
        <!--<format>jar</format>-->
    </formats>
    <includeBaseDirectory>false</includeBaseDirectory>
    <fileSets>
        <fileSet>
            <directory>.</directory>
            <outputDirectory>${target.finalName}/${project.artifactId}</outputDirectory>
            <excludes>
                <exclude>target</exclude>
            </excludes>
        </fileSet>
    </fileSets>
</assembly>